age,salary,experience_years,performance_score,gender,department,education_level
33.97371322408986,195541.0,26.0,8.586608920974566,Male,Finance,Bachelor
28.89388559063052,216983.0,27.0,6.941626490167412,Female,Finance,High School
35.18150830480554,270747.0,36.0,7.614068116091708,Male,IT,High School
42.184238851264205,235103.0,32.0,8.520324235317599,Male,HR,PhD
28.126773002213312,175566.0,,8.96835339289517,Female,IT,PhD
28.126904344406555,223193.0,2.972819645722157,4.314138362604771,Male,Marketing,Master
42.63370252405913,291417.0,0.312757333032625,2.279503412281705,Male,Finance,High School
36.13947783322327,271015.0,12.005334607821947,3.5107135404867065,Female,Sales,Master
26.244204912520384,280956.0,4.709280644631457,2.7371052194008123,Female,Sales,Bachelor
34.34048034868772,220744.0,4.99666793417981,3.4825499448658745,Female,Finance,Diploma
26.292658457500302,63165.26200803927,11.31277656739623,2.564708798308646,Male,IT,High School
26.274161971437945,58549.30332194411,8.22492003760264,2.8697656751421645,Female,HR,Bachelor
31.935698172528273,51826.21369786575,7.823551088326431,3.032735340316577,Female,IT,High School
14.693758042737617,65987.04171528107,14.660009379604336,2.198250035374822,Female,Finance,PhD
,59435.47946362727,3.425927078479428,3.5926594763361006,Female,Finance,Master
25.501699766072218,76549.52823024782,9.711360512324948,2.5894291468227317,Male,HR,PhD
21.89735103732461,61713.41472993059,6.228052499588338,2.817120067727985,Female,Marketing,Diploma
32.51397866076219,62254.52642192817,7.0743691154530275,2.20452050031319,Male,Marketing,PhD
22.735807395830314,54545.81681679216,12.113873705650127,0.9501330729637516,Female,HR,High School
18.701570389317666,59145.81564418399,8.031343025158495,2.847177789919865,Male,Marketing,PhD
41.72519015137243,64617.026533380886,8.153184316198532,4.930092337290333,Male,Sales,High School
28.193789596107713,34347.474110150615,10.290029349239209,3.6276834303184193,Male,Marketing,Diploma
30.54022563750339,39777.21866841431,4.5401890818284585,,Female,Marketing,PhD
18.602014510292346,71148.96141034072,2.6431613306439745,2.789687336633386,Male,Marketing,Master
25.64493820379854,62562.981571919125,1.8207632239158658,3.017972714249637,Female,Sales,Master
30.88738071767893,57240.24995470981,-1.865426357504007,3.437695292140168,Female,Marketing,Master
20.79205138062158,,14.224828519761289,2.055349747752924,Female,Sales,PhD
33.00558414676537,65213.72558042507,1.5871665371132675,3.8914573557350978,Female,HR,PhD
25.194890480649562,51903.60479535958,,3.5723050523529953,Female,IT,PhD
27.666450001653786,48325.42911896531,4.892746800444318,3.5745485805663475,Male,HR,High School
25.186347102164824,62937.67882646522,7.229626791236403,3.3507805910477817,Female,IT,Diploma
44.818225476071504,45324.40833577452,9.262948850157187,,Male,HR,Master
29.892022202096527,66123.79133571708,9.441893953438981,3.538288988773456,Male,IT,High School
21.538312568352797,34461.245936432395,3.667690245724246,3.4734513069931023,Male,IT,Master
36.58035929682551,75437.33455988465,5.331513144854354,2.716767431247181,Male,Finance,High School
20.233250800231822,67088.96223619564,7.130319801953199,2.541118581682479,Male,IT,PhD
31.670908760038042,63840.44601470813,5.005235495265811,3.0814850362095894,Male,IT,Master
14.322639008961795,74740.3647591827,12.42938230407997,4.23921612119615,Male,Finance,PhD
19.374511608812554,84982.11666693864,7.963899806553005,2.0087143394768794,Female,Marketing,Master
31.574889886952988,75215.55097527195,8.939511144199269,1.825979787398048,Male,Marketing,Bachelor
,32386.88653002532,8.651525074669651,3.131808672989213,Female,Finance,High School
31.370946249519765,40806.34549896448,10.6938954299413,3.0407101614848147,Male,Sales,Bachelor
29.074813740894076,50627.72133456482,6.724086234814828,3.1386733314963267,Male,IT,High School
27.59117043528569,60391.36575316251,0.8126722081766138,3.1951625583268,Male,IT,Diploma
18.17182407706058,67764.88530703685,7.598751807010567,2.821438196292156,Male,Finance,Master
24.24124633284233,49113.84280269802,3.394572424832684,4.191890750881666,Female,Finance,Diploma
26.3148898323217,62801.50146715617,3.8855332730009726,1.7192768172187876,Female,Sales,Diploma
38.45697780975132,48669.256014700164,8.345456075020373,2.3372023801758033,Female,Marketing,High School
32.74894631654769,,10.953132285734544,2.917396191880762,Male,HR,Bachelor
15.895678757098128,38900.08354727666,6.0850863069442465,1.6854489510766661,Male,Marketing,PhD
,46151.50130833643,7.235332050395855,2.8593164764543433,Male,IT,High School
26.919341756669468,39724.730915755,12.808859778540953,4.329176132582415,Female,Finance,PhD
24.58462399755233,45361.90120534001,6.963012717954273,3.0167091906367696,Male,Sales,Diploma
34.89341031072694,75804.62694911759,16.406732456721578,3.184560724574947,Female,Marketing,PhD
38.24799617996761,45759.01666752085,8.262038582526177,1.9918681878619358,Female,Sales,Bachelor
37.45024095292959,99485.73097256086,-1.0430510366232708,2.506910873568418,Male,Marketing,High School
23.28625981421889,67399.76851321333,9.01336648441813,2.6998428957408502,Male,IT,Bachelor
27.526300993190283,62772.54185542311,7.524633539531111,2.7458279225950126,Female,HR,Bachelor
32.650107451228514,,11.159011016330982,4.025315036003015,Female,Sales,High School
37.80436101697887,70504.64819113487,,3.4461528485800996,Female,Sales,Bachelor
26.16660609723768,51365.43260643339,5.446176064064905,2.1108336344503744,Male,HR,Master
28.514728186689464,61830.147219680424,1.102807054842537,3.197203822745604,Male,Sales,Master
21.149320207951774,98401.26807403192,5.163906970855899,3.3985773987974284,Male,Sales,Master
20.430347007354634,58559.10150413025,2.5979181831627995,3.912119230817013,Male,Marketing,PhD
36.500206579153584,77239.09989428514,3.677906200781109,4.264432549254699,Male,Marketing,Bachelor
40.84992022856658,49452.35362311169,8.354313617682438,2.187924646537705,Male,HR,High School
29.42391902735733,59475.17264254557,12.679618017405625,2.3513139910317293,Female,IT,High School
38.02826318313619,86562.00953453264,7.578686119291924,1.993937712868307,Female,Sales,PhD
32.89308820038107,50595.494133183485,1.2164677518592626,2.812784112714415,Female,IT,High School
24.839041963159005,87186.72836995393,7.778410672880563,3.3730866995570676,Male,HR,Master
32.89116484406731,70616.27903183213,10.786525946582604,3.7898676132712814,Female,HR,Bachelor
42.304292531727754,51562.99836158598,3.560868382722471,2.939239181085982,Male,Marketing,High School
29.71339168712039,69486.11608583282,5.463931333308329,2.744121981396125,Male,Sales,High School
42.51714924651205,74588.31674440095,6.058752778916788,3.1214063937989924,Female,Finance,Diploma
9.042039167282045,69327.14943325795,2.86040674767104,2.3318856786959814,Male,HR,Diploma
36.57522003500179,36446.629201643154,8.593121735375437,4.671630977355819,Female,Sales,Diploma
30.69637654590537,49092.94236262697,,1.713871178305553,Female,IT,Bachelor
27.60794119627306,,7.678129775628111,3.1477924631165797,Male,Marketing,Master
30.73408621228402,58883.498563499306,2.4500312887915996,4.618884975383711,Female,IT,Master
,69310.08146326017,4.250166798706358,3.005439875647998,Female,HR,Master
28.242624897299905,62665.51501399881,8.889525431311085,2.8479687719988043,Female,HR,Bachelor
32.85690057209397,,4.508667391632932,2.714043661751658,Female,IT,Bachelor
41.82315235793213,65702.96776508944,12.90785540493362,,Male,HR,Diploma
,69158.78617925735,4.40145525754159,4.098278779741224,Female,Sales,High School
23.532051176854498,68396.8567189656,6.898738903007544,1.2305104709363945,Female,HR,PhD
25.98594365132371,76211.71088331932,9.730363327492359,4.22674696103706,Female,Marketing,PhD
37.32321694161659,72508.83231823356,0.3265370682678732,1.8608342780398839,Male,Sales,High School
32.630008877277476,66887.70118842655,-1.0432352479231035,2.786678136612468,Female,Finance,Diploma
25.76191836986369,58947.51432812029,-0.10262525828037905,2.6566044637610706,Male,HR,High School
34.106139464906846,35085.58599726013,11.050336413708727,3.4708426158165757,Female,HR,High School
30.776620394784324,66444.27328698878,3.792567416430213,1.721500518493002,Female,Marketing,PhD
,63115.31530744667,16.232797142673007,3.3697381328655545,Female,Marketing,Diploma
24.38357524898118,64073.6825579306,3.7430096053704456,4.619447698629482,Male,IT,Bachelor
27.378702827217854,40848.77136269536,6.738205212788148,1.9094607963257515,Male,IT,PhD
26.86313477494274,43784.151893876064,12.168439810271503,3.1517649340883165,Male,IT,Bachelor
18.29188041494305,75797.29279999355,14.024371552636492,2.470414257762713,Male,Marketing,Diploma
,59406.672692150176,14.246014306545591,3.3407097649544286,Male,IT,High School
32.08844217743911,70222.51046058937,10.83346492237257,3.015318221932602,Male,IT,Master
30.040907653139687,60424.77564195692,10.09625010324585,2.486810472764552,Female,Finance,Master
28.123302932998826,60446.34209243618,8.370107796804731,3.390297827896859,Male,IT,Diploma
18.677034063596686,74074.25708963997,9.113444304666551,4.4434784878293945,Female,HR,Master
,52259.32907673939,,2.847276966618161,Male,Marketing,Bachelor
27.258283867785845,61441.811654114754,2.7272044663107713,3.5758063537185456,Male,Sales,Master
23.58178184622705,53065.87066942436,5.986502170356192,1.965381633703069,Male,Finance,Diploma
28.709714306671927,53482.55658851527,5.3192615099002865,2.234850898545593,Female,Marketing,Diploma
33.232406854516306,55362.41814797041,4.1870878026908995,3.377925022304302,Male,Marketing,Bachelor
45.08948720968424,63332.00657450569,8.785549789826861,4.187292822828772,Male,HR,Master
31.39662250265471,52818.77067504784,9.821220834282043,3.284490679028528,Female,IT,Master
32.060403125782116,78836.34188360281,6.35362754516739,2.7495535755814764,Female,HR,High School
29.404432673870662,46580.89046670744,11.910120324221047,,Female,IT,PhD
14.649830277607668,57196.92533757961,1.4332435434659798,1.999673812824226,Female,IT,Diploma
29.787888996406267,53404.034125887374,5.225362162881128,3.4836122610842937,Male,Marketing,High School
30.481841679528213,81704.668265306,3.1327107175887803,3.7058664498587275,Female,IT,Diploma
49.70593689988229,62948.32164767362,-1.4661464682922398,2.6383277337335356,Male,Finance,High School
28.46111228175102,75477.66809202952,5.669277256629203,,Male,Finance,PhD
32.4123787386689,37716.59440444542,5.513009966466866,3.2127025837216387,Female,Finance,High School
,64005.75398803888,12.053798972968524,2.6506242111675236,Male,Marketing,Diploma
20.650575699043742,73344.46193435155,8.523246738219111,2.947093908299342,Female,HR,Master
39.142582516120164,61234.259839131366,1.9032527026831803,4.679777431333212,Male,Sales,Diploma
36.015464261494195,75982.20562598026,13.416370265336752,2.802379439403203,Female,IT,Bachelor
36.328255576344375,52240.673248494415,10.884134782101412,,Female,Sales,Bachelor
22.72490036164209,81140.2116027837,8.328390813874464,2.481966555491873,Female,HR,Bachelor
41.22235448748879,94483.47185428876,5.094063604600672,3.5953535771999494,Female,HR,Bachelor
18.785191497661753,54557.42159340512,2.162243053106081,2.8550206614255176,Female,Marketing,PhD
34.69485675040216,53317.462178988426,4.511172895715788,2.4805015693428594,Female,Finance,Master
47.523645006479825,81800.7671567655,10.354994478816744,4.0570432258184095,Male,Finance,Master
22.075709398954494,83693.58218596068,13.538345223738435,4.13568240361091,Male,HR,Diploma
25.469618163177824,52157.09959270098,12.172974113088756,2.519661147409036,Male,Marketing,High School
30.79721092070113,53697.19774356214,4.044602312854904,1.506768038911507,Female,Marketing,Diploma
25.972194767070405,,1.5215302668439552,3.8060109518695375,Male,IT,Diploma
17.59469255147094,39833.24233448584,6.563544987644816,,Female,Finance,Diploma
30.54850379844822,46220.22080273703,-1.0737574622514066,3.632500479330215,Male,HR,Diploma
21.50157029019116,44937.88849871898,7.292670856739126,1.4239169458305314,Male,Sales,Master
33.788739445081454,48483.03652343807,5.409589654805325,3.7140778706394473,Female,Finance,High School
22.644606126129574,59479.72668919828,4.135853992527031,2.031062456575375,Male,IT,Diploma
42.39947524014032,63513.22098804781,-0.3788122690671818,3.58461129525322,Male,Marketing,Master
23.733973661310102,83257.50739221115,8.054400426278866,3.011418454269147,Male,HR,Diploma
27.423507870354594,,3.8691966413523544,2.236848464482684,Female,Finance,Bachelor
36.50813773895736,74764.83597714876,1.3203326571588478,2.6743709496585755,Male,Sales,Diploma
20.15308546852836,,-5.489048853126597,3.549054765565361,Female,IT,Diploma
31.819679476833034,59258.044355213504,5.889940379797455,3.0847155624921876,Male,IT,PhD
40.45714203425943,70122.29238249906,13.089006386678976,,Male,Finance,Bachelor
17.14013412351018,,12.64503685819148,4.581152467612388,Male,Sales,High School
31.477070868258433,65736.14619276076,4.171614973654913,1.748606710631159,Male,IT,Diploma
32.07906235398739,62496.78312319584,3.591151758552878,4.293770059974899,Female,HR,High School
36.25458297421848,67386.76896012224,7.875097024300095,3.0834847500185703,Male,IT,Bachelor
20.104394312975344,64337.52965861727,2.006458243246834,2.2809727613414976,Female,Sales,Diploma
19.43634709532579,96829.50209866342,7.207167599277864,1.935749099408808,Female,Marketing,PhD
34.17553252493518,50433.900236230256,9.06432111353876,,Male,Marketing,Master
32.375877385865486,52035.04567497274,10.90773289553723,3.7373200895395673,Male,Finance,PhD
32.003942802767014,50652.89210362853,5.599383694080188,2.8979607036979727,Female,Sales,PhD
32.77158567597581,51667.843212596184,5.1853049992921365,4.208923944197878,Female,IT,Master
,50439.19309040223,2.488069652973756,1.8390594479587528,Male,IT,Master
31.85802957728803,77835.24796661327,2.69247858384056,2.9903288417231564,Male,Marketing,Master
32.34457978638945,81307.56371984782,5.094084432393893,1.9980852444695048,Male,Marketing,Diploma
24.285188655789057,51438.805593757854,7.469462027264712,3.2909055060999743,Male,HR,High School
44.926196089158054,,9.654338504932998,3.7095099120778405,Male,Marketing,High School
33.7906633672943,67071.23334579606,2.7872841972786206,2.6633905650551575,Female,HR,Master
20.469572022378813,51716.65433578543,11.970754275838086,0.9166289146982924,Male,IT,PhD
35.25242886907064,69493.97726633266,4.915505595829725,3.1591585174371954,Male,HR,Bachelor
,63043.845312769496,5.914530822606255,3.349390841386808,Female,HR,Master
36.296676829939614,37263.83827504152,3.0111532834087065,3.323435803969358,Male,Finance,PhD
39.26876463205923,83212.57801995092,-3.6969610410917664,3.988625753457723,Male,Marketing,PhD
23.434541453186316,86938.16509643283,9.536181585444199,2.143157056280761,Female,HR,Diploma
37.70700903395458,50808.16964273421,8.947375588369734,3.5441728843603597,Male,IT,Diploma
33.30224741549198,54184.47660096024,4.874689771527146,3.95400600998238,Female,Sales,High School
36.57648127995592,64287.98086087358,6.267962868899487,1.5771299327947865,Male,HR,High School
,65016.851849805375,8.063756870816398,3.255721460735182,Male,Marketing,Bachelor
28.036895071977035,69878.16409009245,-0.25018342754617073,2.5966561351938626,Male,Finance,Bachelor
,90153.06808149524,3.883789290614821,2.934781861518683,Female,IT,Bachelor
22.883884562995814,57345.79158758926,9.17705871848731,3.278141186830669,Female,Finance,Bachelor
23.473517720276494,48025.541331923196,0.9828423073230024,2.6102171487091583,Female,Sales,PhD
29.383186324687166,39310.21157978209,,2.4594335366707103,Female,HR,PhD
32.729215798533154,49036.04940087121,0.5736727815063798,3.02732193399042,Male,HR,High School
32.213526394640155,59503.095406893044,7.865719929734105,,Female,Marketing,Diploma
36.61746599228819,86918.36795276681,5.857434070810066,2.1313398968918515,Female,HR,Diploma
30.104015135023257,52235.830514457426,-0.4605272636220379,,Female,IT,Master
41.62827261725853,63356.819274583475,,2.080964771873075,Male,Sales,PhD
27.882745334096352,59753.65655890872,3.061633692807803,3.5330500007273695,Male,Finance,Bachelor
51.76135333271695,77825.89910172127,2.758990251942476,3.370073034283161,Female,Sales,Bachelor
35.00533878212005,97903.98638810433,6.802276788923772,1.6193546169675226,Female,HR,Master
23.142739548669738,52036.96840619519,10.59454939771486,2.457948278131476,Male,Finance,Diploma
21.432860015511103,52658.40836222667,1.9367127240864122,3.955287522437898,Female,Marketing,Bachelor
33.85977932194548,75662.41315603608,6.246719399391886,2.2150675750882547,Female,Sales,Diploma
28.21229771739319,70228.37234439467,7.715266001322291,2.62847659015249,Female,Finance,Master
35.71200395273674,87700.6098860405,8.772422429052575,3.3696487146015173,Female,Finance,Diploma
33.78590099658836,68758.92277988946,6.705766221108901,3.6267124074260764,Male,Finance,Diploma
29.41736869874502,54610.61863819411,4.5318886436667105,2.7987688911644035,Male,IT,Diploma
23.22565025545276,68859.82246038463,2.6896391174051213,2.5219918442466867,Male,Sales,Bachelor
17.881222202513083,76630.55370874362,6.344575532185499,4.1378958893588065,Female,Finance,High School
26.42788038346383,72307.23271796046,1.7114439520575724,4.391119731038064,Female,Sales,PhD
36.85119035458778,67609.11046660946,-5.685401933978429,,Male,Finance,Diploma
31.71274995304163,76000.1203438373,7.746239216630672,3.068254514052019,Male,Marketing,Diploma
20.034089770304096,,9.615739364344781,2.353387422687259,Male,Marketing,Diploma
31.385447406809455,80732.38486556291,-3.4517297421673536,2.335644474754748,Female,Marketing,High School
33.08253903783069,69730.64831384463,1.9610771811602499,3.4180112842126062,Male,HR,Master
22.929140510390937,57493.22879524718,8.476617044020792,3.334718576710947,Female,Finance,Bachelor
31.229800847564224,62200.705296499844,14.229981878846795,4.121278874357143,Female,HR,High School
30.465669747568,78097.63449762535,6.083174830701632,3.520360074028911,Male,Sales,Diploma
20.856237617355013,47745.964935191456,3.087988235083462,1.7975357585921454,Male,HR,High School
32.86229888278626,65530.099633093516,5.268414235580639,3.841558094178335,Female,Sales,High School
34.486276210945874,54099.91781508959,,2.2015514981484694,Male,Sales,High School
38.66440994540221,60431.17234402226,3.416143283501859,2.692822982438119,Male,Sales,Master
,79176.77793910948,2.8032319733989857,3.2001601650013556,Female,HR,PhD
18.97864505634327,62866.48602029855,4.06902591127187,4.5965339918271715,Female,Finance,Bachelor
22.497399680679017,60696.54822234223,2.1866855669651506,5.487934844804289,Female,HR,Master
,39602.15788530121,6.490681263979182,3.485378447308946,Female,Finance,Master
34.11028760729767,71193.80349040832,12.498713833878242,2.85344270502369,Female,Finance,PhD
34.12038149044838,69682.26271711613,7.292317092464116,3.4276045187844404,Male,Sales,Master
60.821851925237766,92448.8208495819,4.99058599149485,3.710124340699069,Female,HR,High School
34.56712408554534,55383.32647570499,4.832754924337824,2.7434658995542467,Female,Finance,High School
39.08452512144479,63287.254914959085,-0.2527632347866282,4.436169084729858,Female,Marketing,Diploma
,63740.75525566133,9.532439108588637,3.1840566073531216,Male,Finance,Master
35.21113001044638,83661.79919645212,,3.3981944712731154,Female,Marketing,Diploma
27.477846042877236,58570.567014195716,5.278080345637497,3.5327394016435694,Female,HR,Bachelor
,64185.32288655509,18.77243027137944,3.3372692884915645,Female,HR,High School
23.817398283699426,69118.44764574809,7.1950116334627445,3.6711524003756897,Male,HR,Bachelor
28.10545114607993,62799.13684734537,,,Female,Finance,PhD
,53303.49578174208,4.294569615177827,2.5533585968431756,Female,IT,High School
30.65499311509058,62911.34989347462,10.59378283678702,2.119876613622644,Female,Finance,Bachelor
48.51726853338807,76104.47624789659,6.453081642151058,3.351600984496181,Male,Finance,PhD
15.061878459266016,44602.270508834095,0.2468880867305332,3.6231492028096914,Male,Sales,Bachelor
35.49008152299611,61994.54511220314,9.676915738300814,3.3662182929215088,Male,Sales,PhD
17.098273030482787,49498.1877759124,3.327423657844024,4.33959394667803,Male,Finance,PhD
26.22454507368453,77925.69943387264,13.493191104870181,,Female,Marketing,High School
38.71160477573893,37152.19642824338,10.320192262858594,3.5349933244740104,Female,Sales,Diploma
30.5142401527637,51616.17229092617,4.210712417364995,2.1266392990885485,Male,Finance,PhD
21.378041776565553,65658.17812596781,11.124065446940453,2.690320238020479,Male,IT,PhD
24.277570325920255,83482.86043851511,6.271422042109613,,Female,Marketing,High School
35.4367819914774,59013.746083905186,9.411094700488878,3.679281688594515,Female,HR,Diploma
24.15706694626291,,7.938931269177899,2.7648264418686543,Male,Finance,Master
31.7316687166558,88217.35604160884,2.614573380036506,2.9427205985135467,Male,Finance,Master
30.36457471923051,38279.79149375634,3.425800670730152,1.7857010026553524,Male,Marketing,Diploma
24.787197219153462,27017.910650698774,10.119843270324644,,Male,Sales,Bachelor
47.1515527146026,66600.21675079998,4.660898671573836,3.712306530815829,Female,Sales,High School
35.07135217854409,52469.18663471083,4.385406147032013,3.460164012885253,Male,Sales,Diploma
13.798859306739143,44681.5077430393,2.179509682602588,3.400532577104968,Male,HR,Master
31.491634518155422,70625.3467094903,,3.039818949744768,Female,Marketing,PhD
24.705708281852896,63657.010706567984,14.25009967697258,3.0056505269025413,Female,Marketing,Master
36.81946667836979,51538.820538949076,1.7298683429829085,2.4717430884212424,Female,Sales,PhD
23.659834092538397,,6.096877826691032,3.5590627361620277,Female,Sales,High School
29.082108468264806,73086.85992420217,11.648882221661717,3.336778355511512,Female,IT,PhD
34.03989823184366,69753.01766937991,5.681434435017139,,Male,IT,Diploma
36.926041553360974,58512.36204330926,7.809487184998936,2.5791721258659357,Male,Finance,PhD
20.39762874355379,87699.554940715,1.7504258874124812,1.2773256641030044,Male,Finance,Bachelor
27.323990113272412,43948.72850510771,7.713228388830594,3.8777221694029564,Female,Marketing,Diploma
26.20043751071235,37117.12243612892,5.251422939981805,2.6169300351932767,Male,Marketing,High School
24.773366139410307,49621.378951781335,9.942919982719452,2.3097793887655036,Female,HR,Diploma
44.12363392224877,59316.209754667536,10.749544206259005,3.554783129531195,Male,HR,Bachelor
33.23985368768764,63650.091739840376,16.358254568074457,2.686389888064696,Male,IT,High School
19.912928365319637,56381.459132155054,8.318532692854303,3.8479491072372976,Female,Finance,Master
37.34289557643821,65280.83094771445,7.303185266328666,3.493604759661358,Female,IT,Bachelor
46.977249576101066,41226.90863714334,6.777537206309344,3.546855458560382,Male,IT,High School
38.25972208440918,81656.46906109889,4.587334828757246,1.9072354310395725,Male,Finance,PhD
17.845040272367893,58767.732324111465,7.353935373846765,3.9695551883091205,Male,HR,Diploma
26.126127417069988,76759.43747382192,4.818394359443882,3.2090004249870847,Male,Finance,High School
40.13528919349298,65140.88019566556,6.673843905078457,2.7045782886030376,Male,Sales,Diploma
24.338644275049752,66851.29828730675,11.27039014243184,3.1147107738738007,Female,Sales,PhD
33.550555425169826,68546.50920348306,1.9738297388814354,1.579011813681344,Female,Sales,High School
36.19707242743469,66715.62840025972,10.559514244516182,3.3269222491845367,Female,Marketing,Master
22.584556227375337,69640.84139801316,,2.176502793454343,Female,HR,Bachelor
29.5237971515056,79937.28795198648,5.527725892035685,1.9178637713251725,Male,HR,High School
4.069861279447419,62947.817545522055,-2.4874195960343783,1.782112651025687,Male,Marketing,PhD
21.804898869325683,,3.56871205162227,3.89015069999194,Female,IT,High School
27.979454788854717,58653.964585691596,11.187978186244436,2.496589285045769,Male,Sales,Diploma
20.017734544281204,81601.75823174209,5.908527750804471,4.226982167933199,Female,Sales,High School
43.05929043145308,49854.115469110955,2.002791070820357,2.5713588295581618,Male,IT,Master
18.55886897631494,87014.10649366223,3.9809003150871303,1.6341136339256426,Male,Finance,High School
26.47964410642413,59397.63074033485,9.362480106018213,2.106780448041073,Male,Finance,Bachelor
31.04592461828873,38538.37346822928,8.186934272805518,3.988649296005551,Female,HR,High School
41.530186312528926,61921.56622366184,5.0442716033212225,2.875281457650666,Female,Marketing,Diploma
18.513102790564485,49784.22513787678,4.53270235274125,2.561370162807519,Female,HR,High School
39.30531001723968,72609.65323483085,4.432967403824712,3.12801458068223,Female,Finance,Master
30.081864488156697,50210.640310464136,2.31035926200599,,Male,IT,PhD
22.147930791616393,53307.248501778304,12.461502757877767,3.8939190527219685,Male,HR,High School
33.69682779410616,31656.889035817036,4.71071812315464,4.158799383914341,Male,Sales,High School
31.59247756458776,53215.405211263846,10.868634083301986,2.7121850833687313,Male,Sales,Bachelor
25.198264982729643,23641.81010056565,12.085264207689805,1.9391618511343693,Female,IT,Master
30.55841667992015,36241.45764771415,9.993243592591842,2.6692278711013793,Male,Finance,PhD
26.91749122510592,71406.21984216446,4.273518749127806,3.208224405266309,Male,Sales,Diploma
30.908138762009983,71787.00237976249,7.614920361346438,2.228992859031511,Male,Sales,High School
35.29704539616837,,5.9032175744363355,2.2342792680839656,Female,Marketing,PhD
42.68813452916282,45495.3578530618,2.3851925570794874,3.275030305239908,Female,HR,Diploma
20.097476009385208,59284.3296578703,7.297437126886412,2.961078118743639,Female,Finance,Master
47.06426699725013,59945.96191364148,1.28384083536079,3.026237596329269,Male,HR,Master
14.383297603819985,42624.52966211186,10.750717553846254,2.3932037322399444,Female,Finance,PhD
28.785719239715334,82550.97452650726,4.141530810806428,2.815679428635386,Male,Sales,Diploma
34.706537651876616,73160.43435863507,6.804638623491357,2.2606134845853565,Male,Marketing,Master
32.24793494188026,56685.53739255504,7.133151486184569,,Male,HR,PhD
25.01840384143525,60403.28758491796,4.96438010518369,3.828199467779002,Female,Sales,Master
28.335021997141798,63125.74211921329,8.3467752059011,1.5230497102095248,Female,Finance,Master
26.055992522729337,29373.97697363564,4.100385373509902,2.256391311846072,Male,HR,Master
25.285081944446308,,9.485189189828976,1.8027765959279367,Male,HR,Bachelor
36.7968167761682,49770.23628003302,0.6160812790130059,2.4799808524744815,Female,Sales,Diploma
32.85612388772038,44975.69985157627,6.505518318185647,2.9332496241677113,Female,HR,PhD
24.456723237914765,55783.495606710676,13.755715996233139,1.8402838242411759,Female,Marketing,PhD
,86965.29790274284,1.998674701577701,2.2625121494997495,Male,Marketing,Diploma
32.45839616701287,69612.64291900514,3.289020117900594,2.196834102334801,Male,Sales,Diploma
36.50289695071168,51432.31515325805,8.05563139863566,3.1658138635191553,Male,Finance,Diploma
35.037030735388896,68588.74172034238,6.718327127758392,3.0554754696290005,Female,Sales,Diploma
23.368039912623424,80990.33154879004,7.402520397094237,2.4226099573301973,Female,Marketing,High School
25.518551678424245,73869.50524369153,7.956748520590654,3.1414566977115186,Female,IT,PhD
35.978348840986094,60894.45554880261,8.538885874247079,2.5626559323301876,Male,IT,High School
34.88296212346772,50295.94833441639,10.438799367824892,,Male,HR,Master
29.832787248286817,70473.34970420385,7.63927462771405,4.33876167223883,Female,HR,Master
30.938619066470256,65902.28078132625,5.03496938152583,4.0723688414322785,Male,IT,PhD
40.221319166307396,73427.89830041598,8.690294804810925,1.9603350104579218,Female,Marketing,Master
25.26742888931336,69527.57702522955,13.599527739580862,3.6637859343033394,Male,HR,Diploma
34.3767790493603,,5.469465014469706,3.649117243593274,Female,Sales,High School
28.382458780528847,51971.47182659148,2.101882781317434,2.0813893689979053,Male,Sales,Diploma
28.25855037418224,79760.91098451489,10.428322677147891,3.6550221150038884,Male,Marketing,Master
38.79021481589752,62963.994070386,5.518475344185607,4.230345534730042,Female,HR,High School
36.60333079190424,91128.91308937898,-2.6906781840561447,2.101964155004469,Female,Sales,Diploma
36.50807708800511,49662.18272865648,9.389686708601687,2.265997743188589,Female,HR,PhD
40.44383045723463,86039.45704747873,3.858687256184309,3.814129173474802,Female,HR,Diploma
30.16803073306207,62968.66175193972,5.637866870783357,3.2171962486605183,Female,Sales,Master
35.45562377035971,50228.72994578327,7.327921322276058,3.4411810201916184,Male,IT,High School
,52741.71248918518,6.761998719116265,3.2724713731203976,Female,Sales,PhD
,55194.7903770852,8.837807268556158,3.3125567367425153,Female,Marketing,High School
28.958855565058524,66362.48919602875,4.258054517720627,1.9388222973511335,Female,Finance,PhD
30.775967719941747,,8.052423192704332,3.8378541652971587,Male,Sales,High School
34.76125620349531,51394.49994092131,4.961813289664331,3.935671993942219,Female,HR,Master
23.45423453413222,59634.68111608526,,2.816487404745578,Female,HR,PhD
46.739098205483685,92134.05537917795,8.461469936052215,2.96521844014891,Female,Sales,Bachelor
21.951860948002384,85913.14755151067,2.2582451918216186,1.7751139979554222,Male,Finance,High School
20.286491097698143,66544.85504511048,10.343928464700129,3.411403804814268,Male,Sales,High School
39.26488698800054,60570.05217252301,3.856146219543808,3.4576459533713155,Female,Finance,Diploma
36.333301551703485,61800.46990077392,9.23223119312458,2.950247186400551,Male,Finance,PhD
34.99295853641724,69202.76959095625,7.469149253605362,3.899482687896402,Female,Marketing,Bachelor
,44658.111522023915,13.35273470718049,2.7327382152160475,Male,HR,Master
29.902025817224683,56139.35193864982,5.1061360705125916,3.4516847407148803,Female,HR,Diploma
22.821965028113347,34971.238891836154,4.60273281552721,2.1842685290463075,Male,Finance,Bachelor
30.606436465549812,65988.34683907918,5.92232157644907,2.9811582793006095,Female,HR,PhD
24.582706307903106,69707.93909554112,4.787280868662898,2.8605165936777315,Female,IT,Bachelor
37.80095786734201,52752.20306550939,9.1997676077682,3.180246337632753,Male,Finance,High School
28.82354094798289,83609.80144935049,-0.46524243374635166,2.704378456933313,Female,HR,High School
23.396022425659908,41613.51505496488,1.7852703234145837,2.8948219234626658,Female,IT,Diploma
27.428913266776053,38034.376796852695,1.7287883136832276,3.660837737153205,Female,Marketing,PhD
33.303451634205,63366.77727839958,9.801230367894302,2.650588610209426,Female,HR,PhD
25.490203577568202,75706.47453918232,12.842453490327701,,Male,IT,Bachelor
,85258.91537186803,5.582203125850114,4.3996671233643365,Female,Sales,Diploma
31.9494976919353,53116.7360569659,5.324713107239957,4.10516326295239,Male,Sales,PhD
31.959732568869782,76180.21250146943,6.280208652452726,1.966189843915505,Male,IT,High School
25.944454597030962,59422.372957489395,10.647513210432763,3.5517662441961555,Male,Finance,Bachelor
26.23169355505342,57410.59050088771,2.2905874632377037,2.5976201835589254,Male,Finance,Master
31.85639949886109,73254.89906230009,6.95347593093914,3.2107897722648477,Female,HR,High School
18.415325268021405,69784.84317620129,9.90079051912972,3.235379303210795,Female,Sales,Diploma
18.740289804987558,36354.117645236256,8.004376679759382,2.8124737597469425,Male,Finance,PhD
24.252446229980514,82148.10524588844,6.758326466394974,2.3729874675308826,Female,Finance,High School
28.292422786305224,80701.37031221177,10.004184370268565,2.4475671581469927,Male,Sales,Master
32.487260524784034,50616.55947735706,-4.812929171996949,2.267046467615006,Female,Marketing,Master
41.80284973559642,65937.05300156113,8.711501278123631,2.334542233415644,Female,Finance,Diploma
36.86127698561616,67410.45279424108,3.3836972674903047,2.946257367960516,Female,IT,High School
28.72049176029258,63910.10648735861,-1.3225315874258277,2.4273920087113985,Male,HR,Bachelor
29.847870336778488,51745.422692318694,8.044810398099923,3.545641652570096,Male,Finance,High School
21.97976508289753,49925.64948092923,11.49463418065183,4.189796924268742,Female,Finance,Master
,59616.688935128324,5.450205941489233,2.5359574069039654,Male,Marketing,Diploma
27.690730888638893,77590.93528889047,9.811498188811756,3.191523600428302,Male,IT,Diploma
32.58174848270472,68154.00231891648,12.449113031954582,3.399748088242347,Female,HR,Bachelor
23.382152451581415,54440.78501870841,11.25965781433619,3.3776018167354196,Male,Finance,Diploma
34.154772113929376,71575.48065972517,12.559858117485572,3.06076421433287,Female,HR,Diploma
42.26191130402062,17271.86069054887,8.96850996428757,3.594145934687778,Female,Sales,Diploma
29.12991881234514,77231.48550558156,6.301734555606371,3.385799162144526,Female,Finance,Diploma
33.21369377679153,33904.293318328506,-0.40786324758867387,,Male,Finance,Diploma
35.5211519336889,54563.38587895302,5.015750047480205,3.6953248515114185,Female,Sales,Master
26.79023622491331,43204.95158060784,2.627013618735233,3.7098326698133937,Female,Marketing,High School
31.792739854483333,40579.77786418641,14.683770869991255,2.3893711166571348,Male,Finance,PhD
30.10073920625436,77412.4018106778,5.296456750270654,3.0303502683580814,Male,HR,Diploma
30.781408788390653,52984.48198032163,6.492819227137943,3.546663194248856,Male,IT,PhD
23.81592172915627,65197.55822596073,,2.832548944336511,Male,HR,PhD
30.19608139407154,59296.19131681224,6.174409785489815,3.8583824382128094,Female,Marketing,Master
33.9839863299636,67155.61240834682,12.780204161723013,4.891097995695489,Male,IT,Diploma
41.609148862360335,61152.32836590383,,2.3712111738920143,Male,HR,PhD
37.67416660868165,40755.11663717146,6.778429820948971,1.89516431747698,Male,HR,Diploma
47.225459660092454,74944.0022917071,3.030117657207807,3.2430548764839005,Male,Sales,Bachelor
23.861219496895604,52593.65125258031,0.7199099551171768,3.577250004100915,Female,Marketing,Bachelor
36.978565093765425,36651.271520103735,3.5529236363788583,2.8153069009241847,Male,Sales,Bachelor
31.466736045906814,53578.27258551131,5.851852811806352,4.1626085306568275,Female,IT,PhD
47.51842346574138,82511.39685951466,4.28279110193096,1.9291153602214008,Male,Sales,Bachelor
23.533613717158786,72753.3261317024,3.230316080504576,3.5543348984252887,Female,Marketing,Master
23.28222526255379,54770.21798388211,0.3747301453126646,2.5153113433928853,Female,Finance,Master
25.204858836447823,54761.13443522357,,4.375502324965837,Male,Finance,PhD
13.008834205521545,55175.47423173926,-0.018881496124008912,,Female,IT,Diploma
25.793959826553913,91151.21975341262,9.04022385475841,2.3866747297733215,Male,Finance,High School
23.926938707570415,65729.0317834733,6.329759011738013,2.5603542912731356,Female,Sales,Diploma
31.20315029180966,66450.62470786604,0.16979400214027773,3.6876703095838415,Female,IT,Diploma
32.734047806217276,75454.25181047764,4.763163691800546,2.6902954801683885,Female,Marketing,Diploma
45.00936671372709,63581.8373853977,2.9913743776376673,2.9636710256542096,Male,IT,Diploma
37.6033907054884,,7.276698041676722,3.0203107364339283,Female,IT,High School
25.384770754700774,57054.75226372533,11.361801784092577,,Male,HR,Bachelor
22.812682629213135,58925.98110878904,-1.5006898785829783,2.98892980312461,Female,HR,Diploma
33.93535337205205,59441.66645235238,6.4601043165896685,2.448217780748661,Female,IT,Master
19.43813434383486,70914.4431545547,5.359468817733438,2.6055017420801825,Female,Finance,PhD
44.65167012683483,60779.18828710949,,4.1549056027750515,Female,HR,PhD
,,6.852786512950757,1.9947944845765948,Female,Marketing,Master
26.24659478316236,58789.251298371266,2.9921226730447237,3.650564149398382,Female,Sales,Diploma
16.29492376727298,61179.52785474136,4.723784257333527,2.776829655734553,Male,HR,High School
40.8309789933233,30026.989732018385,2.815896572786044,2.7761918652033324,Male,IT,Bachelor
29.083681237979057,73744.91512053722,10.304028554394392,3.632297516841369,Male,Finance,PhD
39.902530495787694,65197.32713846989,6.085246594687769,3.2720410356551124,Female,Sales,Bachelor
17.244578729645063,74970.15164789479,13.60476274301203,3.456490397775625,Male,HR,High School
25.204999816369817,16556.169327094663,5.757356744741517,3.774547728426289,Female,Finance,PhD
30.041949597745464,91325.62057171091,3.166372932358149,2.7349532934533416,Male,Finance,Bachelor
30.375844750117935,57906.15557767239,-0.05485757045130857,2.5102106123937995,Male,Finance,High School
26.39947622816605,76622.74225106275,-1.2125587050237803,2.1318795787537614,Female,IT,Bachelor
34.98279945877999,44401.411093117036,-0.33654377202195906,2.339671576016836,Female,Marketing,Diploma
21.459036564939247,69191.60857593855,7.0685066040459335,5.35927554024698,Male,Finance,High School
28.860964119829653,44198.76655239516,8.034900092919735,3.9957436645894293,Male,Sales,Bachelor
30.96236505369519,50643.465589562926,-0.32476280812853364,1.919140507033583,Male,HR,Diploma
34.115510672469995,88710.4703080018,9.580153256304461,1.9420336346051439,Male,Sales,Diploma
35.69291902471112,57139.7639885498,4.067755793266242,3.3854928493747933,Female,IT,High School
21.002863265297044,63261.49309769584,,3.4378118379023737,Male,IT,Master
17.72708663411502,73051.01596033131,12.448882513021697,3.4391070682538913,Female,Sales,PhD
40.22141457518807,67435.22831958906,9.587357263462128,2.7960353651570418,Female,Marketing,High School
32.658512095836734,62256.28357715365,4.925877408376671,2.89963659199768,Male,IT,Diploma
24.01210770754757,65474.41503699338,2.4352310983388503,3.262303619327486,Female,IT,Diploma
42.409215804180185,96051.23377857413,-2.6072616053172197,3.0687144050346644,Male,Sales,High School
30.925397074342868,59135.71804449622,3.1233867230303196,1.2245597018019718,Female,IT,Master
39.43437747251061,63016.485700724515,5.155479044689223,2.816160295539845,Female,Marketing,PhD
30.54014785128087,75759.81594011417,2.051281891395264,2.3188748525917493,Male,Marketing,Bachelor
46.4859833990559,76582.88899436976,5.474972131630781,3.1401691351268095,Female,Marketing,High School
44.042726739545635,77805.4545834057,6.307407531835073,5.388207202082729,Female,HR,PhD
28.008286812167412,,5.100576072767685,3.2939853323794437,Male,Marketing,PhD
37.77256760763484,42854.92630904275,3.399989676706161,2.7491762510620816,Female,Marketing,Diploma
,84501.47298451644,6.674618687866911,3.737441201581802,Female,HR,Bachelor
40.94905246025879,42804.81910471968,7.767762598277637,3.38615030976737,Male,Finance,High School
22.280612315359164,64539.531978585495,,3.336075592361473,Male,IT,Diploma
35.488411679987514,48685.86224970963,11.64372951898508,3.4854804745725367,Female,Marketing,Diploma
38.4673958947967,59037.92480110511,,4.645234851863633,Female,IT,Master
15.930084108615086,64931.436154552204,6.07539849177939,2.0952892517392674,Female,Sales,PhD
20.5339318986738,64820.35823175409,8.832857693026229,3.3789056614491635,Male,IT,High School
13.686142577919195,66328.81131352927,6.932864525054007,2.2588950960147693,Female,HR,High School
27.844745324443537,84205.6690358797,9.81254653565298,3.4444101170737986,Female,IT,High School
35.7403380463677,66803.0145227097,7.148496660807297,2.2650507908111246,Female,IT,Diploma
,56337.65047064027,3.5502505014382484,2.6661065491159324,Female,IT,Master
30.5927582433582,74461.30752432536,7.4460141008244065,2.7639280686096748,Female,Finance,Bachelor
43.02892436457034,77842.05733386961,1.425095170717353,3.7806533754757674,Female,Finance,Diploma
18.959188334280867,41585.882772945115,6.434238823106092,3.734763555153931,Male,Sales,Bachelor
16.372940485158765,68961.00104774786,5.867080037422157,2.0034260988428922,Male,HR,Master
29.55561840882705,70517.59113466347,5.167532570909842,3.043947288799879,Female,IT,PhD
33.07252359151446,55536.54744960012,5.485849954244277,2.432336116200662,Female,IT,High School
29.738442015247255,80635.6021996743,-1.5273961819905564,1.9931960714597323,Male,IT,Bachelor
13.460463199680987,57749.1661945121,3.805100369036154,2.8263863596605034,Male,IT,Diploma
29.287039683897692,61883.64680207313,6.371379604564459,2.7532137692353444,Male,Finance,Bachelor
19.564243995961174,57403.922635741954,6.639425567989601,4.941373189076418,Female,Sales,PhD
35.35738039064031,60233.685713722014,1.8892994362961675,3.3463678602885567,Female,Marketing,High School
32.93278596877479,,11.062831363458802,1.89790599939661,Female,HR,Bachelor
22.48096170938116,38399.23676108559,2.5353006071419966,2.548180796663246,Female,IT,PhD
25.889064661306453,83917.57594837458,9.877828802106947,3.8171066363435187,Male,Sales,Diploma
21.52629182488839,47295.57977522508,7.70877744748674,4.67075421829594,Male,Marketing,Master
29.498567221814625,45129.114758155396,3.415090760624788,1.7312133502096332,Male,Sales,Diploma
37.64113856400991,27699.148295944276,13.101243570438047,1.4960604918887639,Male,Finance,High School
22.11419162931565,50415.57378465746,1.2254526729740798,4.496772140297426,Female,Marketing,Diploma
34.03237212414275,40153.653098887524,9.676616694440007,3.311691341896723,Female,Sales,Diploma
25.757939053020472,84630.22740204554,10.002329272171913,2.3053658144989067,Male,Finance,Diploma
23.657017341901245,75147.25634013952,3.3175191636934205,3.4277032688979485,Male,Sales,Diploma
29.14375712036354,49677.74482233414,11.569861200257314,,Male,Sales,High School
21.718061420645007,93786.53708016463,4.999813941604189,3.0027004052777286,Male,Marketing,PhD
25.570805557222542,74726.48230487392,7.154774517119428,3.262256938274468,Male,Finance,Bachelor
20.416976859289214,55127.529247370665,7.041287355084883,3.739416111630264,Female,IT,Master
45.717801063331116,22508.9142768964,,2.1888832381659697,Female,HR,Bachelor
30.28210841577383,94364.13858886113,9.243233092639128,3.068549729122687,Male,Marketing,Bachelor
24.402195936059314,39156.41299854606,9.173954882208852,,Male,Finance,Master
31.711839285873776,35319.018795646625,-0.9941278929527231,3.2043070045394537,Male,Sales,High School
,,11.21736097151261,2.2837229421095806,Female,Finance,Master
28.232243203734217,96596.28609508909,-0.6499679521426973,2.6735193286718237,Female,HR,High School
34.9133336003474,80764.09227765776,10.13018481736663,2.2033476841678166,Female,HR,Bachelor
36.06006168037844,68458.63680078539,10.506820547310333,3.5209089934589257,Male,IT,High School
25.75599081911578,68921.31512497929,1.636134279139207,3.6867608933253324,Female,IT,PhD
25.39345407484256,72801.23338170462,4.356742848181661,2.812303544034069,Male,HR,Master
27.79958642278685,71383.92884680147,1.577181326056257,3.0305903959680225,Female,Marketing,PhD
11.584630682115321,64217.87135954064,5.140315878845058,1.8411268682931647,Female,Marketing,Bachelor
17.878471502411582,61563.01655927814,4.767862863257035,2.7602586815945704,Female,Sales,Master
40.934994139556196,59061.103081507164,9.11864212907736,2.959836306366604,Male,IT,Bachelor
43.15974170801027,48690.531166999855,11.241234984478433,5.096634472823981,Male,Sales,PhD
28.007711683548973,55789.87384699839,11.582735243159824,2.110426379380669,Female,IT,Bachelor
34.612455704446134,34605.64778706922,3.7513278936867915,4.17134179100195,Male,HR,Master
32.49000123634829,58524.90559807875,5.163112505021889,3.7974870187726464,Male,Marketing,Master
54.6310464676419,,,,Male,Marketing,Bachelor
38.956599291476614,43446.160241763435,2.776519734015245,4.406896387356107,Male,HR,Master
28.976659268153867,62698.41226730218,9.85940653238983,3.2976843780854903,Male,Sales,Master
22.355676475196596,80880.034295169,12.462331294192927,3.311327356534343,Male,Sales,Bachelor
17.14842943793942,73774.74909003469,,2.9575034775859637,Male,Finance,PhD
31.627709086937784,36442.490945652346,3.630142963388423,3.978855105934902,Female,IT,Master
23.949194037725572,45155.57795144494,5.894376972164292,3.877175387048707,Male,Sales,Master
18.621970323218605,74111.56781982323,7.120644635278428,2.49945817000303,Male,HR,Master
24.827416926059787,45262.68909692536,2.7615859203134154,1.944602244320986,Female,Sales,Master
21.347615971084842,56630.50275004463,7.696244177856359,2.8376154900834742,Female,Marketing,Bachelor
43.49713308058052,68250.78148536828,,2.3599691484818828,Female,IT,PhD
37.053118055595604,45474.83317704547,5.942190916486884,2.949180340307716,Female,Finance,PhD
29.936218869467062,61580.6325921894,,3.989950507747311,Male,IT,High School
41.83955311112021,39989.617576226934,,2.6341586759305677,Female,Marketing,Master
30.618946461180947,50979.48534073179,4.254456437893726,2.9657412949507402,Female,Marketing,Master
23.10972638937389,64796.72901213806,5.5615607842966766,,Male,Marketing,High School
42.18499261815726,36105.09399702496,5.646548163178659,3.6787447057642275,Male,Marketing,PhD
34.31128034947727,66607.12106940598,4.519955880471489,1.2024885328123158,Male,HR,Diploma
21.70203076538835,59705.433016099785,4.96481574933159,2.5146397641877627,Female,Finance,Diploma
28.477290575331136,68287.34931625721,12.394588682018867,3.169026953823578,Male,Marketing,PhD
22.995053972921944,63358.712010969924,8.243677791764956,3.960063165141489,Female,Marketing,Master
18.93760215228531,80462.10644960766,4.818078727883359,2.606478041995036,Male,Sales,Diploma
37.40942038025313,61878.36753971861,8.787817618042943,1.4987578351665007,Male,Finance,Bachelor
45.275333123761044,53558.91688312121,4.66472204097596,3.495769156772909,Female,IT,Bachelor
18.81145940944687,61834.46254548425,10.692498550346565,2.4917100889394965,Male,Finance,High School
34.50375389352457,68149.47043554582,7.478568768792376,2.048266672727711,Male,Finance,PhD
24.794859447025384,60732.901054885566,5.570791423983085,2.500523688229421,Male,Finance,PhD
26.10299692988243,60608.87536805824,7.79086770324111,2.85237971387532,Male,Marketing,Diploma
25.26084860608905,49470.12468289867,-0.28350460827399715,2.51620426836943,Male,Marketing,Master
23.08807384256147,50056.48623673578,1.4929301243607789,1.2355471543207446,Female,HR,PhD
30.388173023558615,38960.920923004596,1.2242999744037784,3.717652957509706,Female,IT,Diploma
23.352399068711698,86243.65114780409,6.571772379054827,4.019900033022978,Male,Sales,Diploma
32.16365460623871,41342.051469130725,12.930059997940369,3.5212175930716048,Female,Finance,PhD
29.598095124406903,49606.42203306139,14.92520058477053,2.0898514636601466,Female,IT,Diploma
28.088415625068723,49223.89101646204,8.552204405763028,2.8388067728419855,Female,IT,High School
22.739490703667215,73423.86565416661,8.003377899777828,2.9947829478164336,Male,HR,High School
25.38582935545334,55575.75482561958,-1.2042309366109558,,Male,Sales,PhD
,78716.131090106,3.829304801063913,3.534672390974465,Male,Finance,Master
34.00733750099505,49897.640636341974,2.8488649923670444,2.4126609609772034,Female,Sales,High School
22.179558041611593,64184.91243335703,,3.0655964451308484,Female,HR,High School
30.794658443433807,47469.794201103636,5.327424725660841,3.365824323692193,Male,Marketing,PhD
36.01109698697431,92177.23691660083,4.1116376892114905,4.164657857717414,Male,IT,Bachelor
16.644757751029026,,-1.917199241503151,3.5636052318597784,Female,Finance,Diploma
34.34688153903948,64647.31065340541,8.991641024470136,3.631245349900415,Female,Marketing,High School
24.699009928433227,69506.65321398148,1.709027897040774,3.0670613023434887,Male,HR,Bachelor
34.56478934874527,66206.98646177247,6.956987456444598,4.128367316162803,Female,Sales,Master
23.893926747659865,57220.68511683438,14.296330678999894,3.327810236767598,Female,IT,Bachelor
15.560943194683848,58052.689503998605,,,Female,Finance,PhD
16.9796604969347,60657.17207968664,-4.121150090985319,4.122695976100153,Female,Marketing,Master
30.384679573291056,57794.96997557267,4.8559831124795565,3.558322618031222,Female,Marketing,Master
32.07778001377186,74458.18675192364,10.403838539994284,2.645564783097214,Female,IT,Bachelor
22.76546699916473,93157.84502387026,13.833389816882375,2.6164056260806055,Female,Sales,PhD
35.108739670218995,,1.0818016221903326,3.2372604361126096,Male,HR,High School
16.70783950184832,39452.95530631383,7.986796892946087,3.370547836214068,Male,Sales,Bachelor
29.471361610821468,58675.76927473118,,3.157833812504965,Female,Sales,High School
20.311870401900347,98695.64006481477,5.576206582783457,3.249046938754308,Female,Sales,Bachelor
24.785311137582728,47944.88148045404,16.57737338806814,4.359965899661105,Female,IT,High School
30.37918937053131,84586.75208166102,-0.01188131358061284,3.8572345217879085,Male,IT,Bachelor
,,7.014958645978294,3.1525084730120194,Male,HR,Master
26.923555646161397,51696.176374380084,7.8707726870617325,3.7530484646139866,Female,Sales,Diploma
38.050342473715524,68534.74618777914,10.343145299757388,2.1739808771779683,Male,IT,Master
25.38486504381481,84425.94934692807,6.391932613883582,3.3183416399574472,Female,HR,High School
36.685536896521135,54313.08388518769,7.23220215801641,4.447445079786489,Female,HR,PhD
20.962345162739055,56946.29459846457,4.433405730312836,2.825563283686101,Female,Sales,Master
34.23843342332226,51274.786290770346,7.0765077649804295,2.321892857104732,Female,Finance,Diploma
41.5325489652632,44778.649039607,4.6272308980103585,2.4783288891255513,Female,Sales,High School
10.226843998981686,50260.83682400989,8.486287559424204,2.128293570126089,Female,Finance,Master
23.624837956236185,41640.89599856615,4.521558655825464,2.372190473497837,Female,HR,Bachelor
34.61657701744432,,7.508401575608746,2.703593521127977,Male,IT,PhD
28.37563691165606,48450.40153412038,5.882948745260086,1.8755463846570863,Female,Marketing,High School
32.96916698697047,63506.788676861215,10.504201003088673,3.0124946671596824,Male,HR,Master
25.168118506273437,36661.56530694559,5.794425105646055,3.721821739029318,Female,IT,High School
30.6927182997832,64963.20348321686,-1.0921298728275257,2.273795055882464,Female,HR,Bachelor
28.754582116863364,72502.93442413387,11.047686002855967,4.215427138913415,Male,Sales,Diploma
39.342256493278455,30093.96536142817,2.3770707965495244,3.4086336708220757,Male,Finance,Master
32.03536674640971,65610.84854771358,3.3849346454047207,3.824464468499246,Female,HR,High School
32.70082129660162,78415.03488709938,3.6173548238260316,2.4737323569182905,Male,IT,High School
,41855.38471963192,11.49775237268327,3.6836201816532927,Female,Sales,High School
26.099150207420053,,-2.542696855914782,2.1264528796837494,Female,Marketing,Diploma
26.539534497443032,66285.28514049068,18.550994134639975,3.712198000669207,Male,Sales,High School
33.155617139026376,49424.82216362387,10.224227236264207,3.137471471834825,Male,Finance,PhD
26.632124153437896,59163.46383513441,6.892955656516639,3.442600975987827,Male,Sales,PhD
32.3181988551713,68374.90368782583,5.780423997534855,2.0595243155001186,Male,Marketing,High School
46.60320638916351,61140.080871186176,7.142216299430627,2.2839441261787163,Female,IT,PhD
36.96899762745354,68081.33988669554,8.084489713517353,3.477782574602708,Male,HR,Master
27.39181174265727,46189.89610380951,8.580862343800227,2.2413215966206392,Male,Finance,PhD
39.609711377311555,62540.41236054117,8.222417864013794,,Male,Marketing,High School
26.735397015827587,38794.2825464253,6.3583227250209955,1.9062897548318034,Male,Finance,Bachelor
13.69500371857717,,5.210646318770696,3.6785393701333344,Male,Sales,Master
21.935309512660766,46441.38537802815,5.394906865385953,2.013981348185193,Female,Finance,Diploma
15.033664631793155,48967.050861153504,,3.4418399501436188,Female,Marketing,High School
27.18789212766953,78541.39762815656,10.535080387468259,3.5005047469168007,Male,HR,Diploma
30.147347033516414,76369.65180891403,8.374226889123447,2.44258254525634,Male,HR,Bachelor
43.41149849820226,69137.07181360766,-5.761554538657121,3.4656212536677815,Female,Finance,Diploma
32.6154189901133,43615.308529911315,8.623603106119043,3.2083538106668446,Male,IT,High School
28.247195769529085,55253.87325457797,6.7789447788751,2.5689265150458094,Female,Finance,High School
36.635244649467914,78196.46549968775,5.92516497421641,2.1931562527390334,Female,Sales,Bachelor
12.310917527936919,62125.753704598574,4.4459261876444565,1.4298994466619366,Male,HR,High School
31.884916464868528,94789.94309972541,10.496450879944053,3.279720037839755,Female,HR,Bachelor
36.16692155109573,65899.76759091558,9.790105848491432,1.7481577829103558,Male,HR,Bachelor
18.171310033761266,62880.73674735047,2.9084893287055635,,Male,IT,High School
,55363.25303696248,7.62820914849814,2.7892414271342005,Female,IT,PhD
32.707971259955315,62003.11357173423,2.113373061834856,3.5433142203505565,Female,Marketing,Bachelor
26.67769668879359,57712.952454291844,0.48152734084427795,2.7583636004081087,Male,Finance,High School
35.06225492885028,70621.63015032886,3.4931311016401394,2.736441770922327,Female,Finance,PhD
48.16554286243517,74350.53475191876,9.449573889531035,3.5854965634306364,Male,Sales,Bachelor
31.45493004046796,48210.158092380756,9.812500181504348,3.268046423267294,Female,HR,PhD
31.98576469040269,40031.50569663333,8.052341680389173,3.2529247657462226,Female,IT,Master
26.325112803678046,32456.919403450553,8.900383147391988,3.375414071846821,Male,Sales,Master
,67619.86990368816,8.064713148459834,1.7715423014343152,Male,Sales,PhD
36.64268653235396,43449.50090739189,3.434073619108191,3.6054309439895857,Male,IT,Bachelor
23.15132939272906,27706.64110571276,7.727690178695763,3.489975035210882,Female,Finance,High School
30.57252989775514,65828.67906796446,9.20163810091073,2.1866534971388023,Male,HR,Diploma
26.178740425879067,97394.99276149186,,2.804735621060639,Male,Finance,High School
33.831838605971136,59908.9363269016,10.755653485898572,2.968554169897895,Female,Sales,Diploma
32.66929684229559,72577.36161677462,8.833215388804255,2.892402572478614,Female,HR,Diploma
38.30031955406319,61227.440378213476,7.405792830166332,3.267087973254828,Male,Marketing,Bachelor
25.919868809162026,58516.65520213286,10.28060095326571,4.145093425464947,Male,Sales,PhD
27.84100051765303,73786.14724481653,5.89391496300376,3.865413382138263,Male,Finance,High School
22.16989027374154,55645.88183717023,2.472501395089129,1.950224645254875,Male,Finance,PhD
26.445653919391106,64010.88471107854,5.347732144224945,3.497655992244839,Female,Finance,Master
33.018403944358816,64825.467092940205,3.0203894207742037,4.063146655628328,Female,IT,Bachelor
36.05590893316281,49978.64319535427,3.299286900102474,3.309446816551362,Male,Sales,Bachelor
22.622677406578998,74880.63524304784,5.421925317137928,3.8727843401487734,Male,HR,Master
36.95684736084528,57375.60364956887,2.830320316000155,4.6098163565606125,Male,Finance,High School
40.845102870439604,48663.82260760733,4.768153881443839,3.818967636885585,Female,Finance,Master
33.307479225789606,68047.64765355605,-1.5744586678151427,3.199446876513383,Male,IT,High School
45.014366500464526,46522.98027313444,6.8531748294917545,3.8360707792678026,Male,HR,Diploma
23.809686407171416,60422.717360536924,6.004821901448897,3.115910266477513,Female,Sales,Bachelor
20.042762373508666,59863.21505033695,2.7316454757272375,3.0191224346279646,Female,Marketing,High School
15.770238008765771,76288.43348747367,8.63698267372962,2.718868611429014,Male,IT,PhD
41.968354491913466,67120.47349319929,9.750280550506233,4.250730687065687,Male,Sales,PhD
35.23492525083246,59624.595618822845,-0.43023945747589654,2.345257067246399,Female,Marketing,Bachelor
29.555322632716358,72266.4944880043,2.949100885735143,4.225894179742493,Male,Finance,Master
32.23974901055856,80853.1132352597,2.923430600850807,3.399891298992297,Male,Finance,Master
20.996087621612986,68367.15459527794,2.2403875955645414,1.8805550601584466,Female,HR,High School
49.56601583693461,60155.28929765071,9.317899367726994,3.2941194343931373,Female,Marketing,Master
31.03376945580182,40322.45651474761,5.224695444908786,1.3199787938787007,Female,Finance,Bachelor
30.875158356839144,44023.29505386941,4.941940634757557,3.5004064134648285,Male,Finance,High School
35.806132991189536,55421.629434679984,-2.015449457627014,3.708185186391193,Female,HR,Diploma
33.84807385389371,,8.541672120836905,2.526115235478357,Female,Sales,Master
31.791072194233053,57195.43045521831,1.0429664205861098,3.098838156764466,Male,Finance,Master
23.676204356437506,60849.74887345661,6.239730521065313,4.563325947000229,Male,IT,High School
33.77174685708797,67945.39131535096,7.1095077518327665,2.5954026365904506,Female,IT,PhD
45.05619597180027,58942.518329113635,11.442634383354605,2.1528739303547195,Female,Sales,Master
,67297.52465739303,0.7647184035235517,4.185330721970079,Male,Marketing,Bachelor
42.74549301311518,60967.1162221518,-6.078048623283301,4.570069752424636,Male,HR,Master
25.910274588550518,30368.00150469193,6.73539817901478,3.002956537478278,Female,IT,Diploma
22.083161437931352,,13.202044726043415,3.809170428326685,Female,IT,Master
28.993704639202814,57838.686664175766,10.955785411757748,4.073180732424705,Male,Sales,PhD
30.445799298309556,41854.578857383385,6.838637661098503,2.406012613969293,Female,Marketing,Master
38.75353214776759,68998.93094994307,4.033455257471811,2.611755331705705,Male,Marketing,High School
,82961.26248515546,9.228490386549241,3.984699610523788,Female,Sales,Master
42.23640255568491,,2.1058152011821254,4.348011422966808,Male,IT,PhD
28.735936811368084,56798.35693604688,7.905431077424877,,Male,HR,High School
26.58495144042064,82360.89205274929,8.021880636666507,2.2961485171983567,Female,IT,Bachelor
21.90316499791866,62230.01185803167,10.24083962999552,4.5896488893595535,Female,Marketing,High School
16.761146625073845,54943.71043322941,17.03864015564431,2.5752232817504286,Male,IT,Diploma
36.58536467169532,50798.960046885906,7.569663868715068,2.7318897750628386,Female,HR,High School
30.58654373750723,55462.95470267808,3.964145497170005,3.2738702675916973,Female,Finance,Bachelor
19.68031280207157,54177.34772188157,5.897702751232022,4.243328336571819,Female,IT,Master
19.639369823491073,62556.243335632316,-1.076303619556473,3.683180781241779,Male,Sales,High School
27.313722405678973,62408.60971574797,3.2211474756437672,3.3318924002895285,Female,Finance,High School
43.352172202315145,60045.69030230122,,3.370630824094485,Female,Sales,High School
27.92326918909116,66554.07254619525,3.90364640826163,3.034811734914773,Male,Sales,High School
17.97485637505515,77859.69412179512,6.609419488134888,3.446511611614805,Female,Sales,Bachelor
28.034055487312447,74243.31203161986,2.7103202704711977,0.9763519378445573,Female,IT,PhD
27.818211442018637,37726.53047325145,10.484122669297886,,Male,Marketing,PhD
8.424906856467427,21691.182976470678,6.000828259672788,3.193057547933425,Male,Finance,High School
29.565641067857502,74014.79866858911,5.962798715445542,2.0791887331043943,Female,HR,Bachelor
28.152523758330577,39496.81952376869,,3.309058654249248,Female,Marketing,Bachelor
35.56965091850735,56628.518971609745,6.620762735435917,2.8364230232111027,Male,IT,High School
44.79164875956276,,9.300393058670538,4.404380558652392,Male,Sales,Diploma
39.01252023638206,32970.293436299704,2.5314791371563987,4.258415780171886,Female,HR,High School
27.848890475561355,68121.94092307182,3.3675340436989734,2.6273555447054697,Female,Finance,Diploma
21.147792730066637,71387.3274045397,4.785095884893341,2.8793298307466437,Female,Marketing,High School
50.58687842599888,51352.34398909921,0.6165163061071404,2.940841947513286,Male,Marketing,Diploma
30.473747472115907,21134.365617826348,2.722968561114009,2.638672419072302,Female,HR,Diploma
30.11143433530357,51806.33327621276,4.095116505821364,3.156019987222501,Male,IT,High School
29.806999303119973,65877.0600810382,9.49755672285091,2.393374344889928,Male,Finance,Diploma
31.58467808614284,37816.32646838807,7.0502453160077,2.095507732049979,Male,HR,Master
28.84511670460846,62750.39879668733,6.774359645470177,3.498168979120215,Female,Sales,PhD
25.410703944958108,59770.35226240507,9.403591848671889,3.5036236673774486,Female,Finance,Bachelor
25.625128470076863,68689.37249401632,5.450512846402414,2.356547392272006,Female,Marketing,Diploma
29.737973838272012,61793.705526212296,7.5618593997155585,3.71628434461008,Male,HR,Diploma
25.652601830929882,45403.96588677667,5.5871129882700155,2.494737816667735,Female,Marketing,Bachelor
24.297233738582683,77948.57252496737,7.061449397598514,3.202532190430385,Male,Marketing,Diploma
30.851441821535175,57622.05640459545,3.6689653695536717,3.656275210089965,Male,Marketing,Bachelor
27.960182260633157,59590.43190735102,-3.7552686331057163,2.97310994823703,Male,IT,High School
42.03194390866151,46000.98061390206,5.462883351254783,3.3637927297129075,Male,Marketing,Master
8.792241532855904,53350.766232127346,11.69099254439976,2.586856284889943,Male,Sales,Master
38.7320548153797,46727.95928959649,9.70486160896637,2.8428267332575223,Male,Sales,PhD
39.968681539981034,57405.809101148654,9.861589938364682,2.835312455295728,Female,Finance,Diploma
13.412878140734804,85675.62720213515,10.94452288722487,2.402737322767809,Male,Marketing,PhD
27.25849924735721,39421.48285602966,6.35463036384575,2.8585806695073743,Female,Marketing,High School
27.02847307203367,35796.57903184889,6.789262829622382,1.7611053609090026,Male,HR,Master
18.73990644225743,82067.55491240413,3.5293924182625993,2.6070770022863163,Female,IT,High School
23.777466499272997,56860.14484272201,4.735708575891801,2.7720996053042635,Female,Finance,High School
21.11539323627337,49963.908920101254,8.463084599084567,2.795056198003696,Female,Marketing,Diploma
44.01816354738898,75598.57031094114,10.815537748675265,2.806802043303377,Female,HR,High School
37.48542714517969,50915.766903947035,5.442214897276002,2.950588640111897,Male,IT,Master
40.17244075995327,87390.14570320403,4.199242940594353,3.383553214468851,Male,Finance,PhD
35.773376512345884,70168.88807008904,,3.699613659306018,Male,Finance,Master
20.967585830262166,52681.32887781446,8.404826995716459,,Male,Marketing,Diploma
25.80383786976181,92359.62319898256,0.22458073546583268,2.0374393156886845,Female,Finance,Master
33.914996489823345,50914.27615494993,-3.1847238125489525,2.166364470205518,Female,HR,Bachelor
20.222977528864437,71131.4305801396,3.797852602033666,2.6102376630440585,Female,Finance,PhD
35.703987441379105,64489.38870609738,1.1171502963433655,2.7184629457467926,Male,Sales,Bachelor
28.077396814734918,79526.11934098197,3.9674392094107565,2.384003147042034,Female,HR,Bachelor
27.00143353960322,83422.66795090279,5.408878724730114,1.9631066686000844,Male,IT,Diploma
35.68767974562793,60480.0622359865,4.187006363907947,2.6351033380206497,Female,IT,High School
33.55410649188832,48698.73194480725,11.809870137882982,3.145141296091177,Female,Marketing,Bachelor
27.112270673447362,66899.58214408674,7.30697905840928,3.476023572668452,Female,Marketing,Master
39.27463842691398,49834.26945371841,7.201897438443313,2.554061557513343,Female,Sales,High School
21.35149337920082,90200.80871289935,8.488828576173608,2.669601742285253,Female,IT,Master
34.92748485555411,62048.02996624106,1.4446675288769235,2.2586413529221514,Male,IT,Master
34.74481006374707,54520.17673031837,10.156447149681075,2.974848663700179,Female,IT,High School
27.52362848548808,,,2.321257092647348,Male,IT,High School
32.60906417793694,39793.10565705455,8.68192246896485,3.45850225059296,Male,Finance,Master
19.991091388917575,45425.789422340225,1.7125710678393782,1.571306806452711,Male,HR,Diploma
37.392216153655205,78006.20861916638,-0.21503506406425732,2.71229626203803,Male,HR,PhD
28.520782908456088,50146.58581542906,9.271558632100115,3.2408858713533935,Male,Sales,PhD
